candel_date_time,tlptr_close,tlctr_close
2023-02-10 06:00:00,28581882.0,28440872.0
2023-02-10 07:00:00,28485968.0,28292322.0
2023-02-10 08:00:00,28496850.0,28347174.0
2023-02-10 09:00:00,28428562.0,28208916.0
2023-02-10 10:00:00,28234568.0,28049068.0
2023-02-10 11:00:00,28199492.0,28362358.0
2023-02-10 12:00:00,28356620.0,28437748.0
2023-02-10 13:00:00,28288236.0,28331340.0
2023-02-10 14:00:00,28133502.0,28269640.0
2023-02-10 15:00:00,28137710.0,28291838.0
2023-02-10 16:00:00,28200420.0,28329526.0
2023-02-10 17:00:00,28270100.0,28433606.0
2023-02-10 18:00:00,28318226.0,28385942.0
2023-02-10 19:00:00,28282286.0,28334450.0
2023-02-10 20:00:00,28241128.0,28310058.0
2023-02-10 21:00:00,28217784.0,28168802.0
2023-02-10 22:00:00,28167658.0,28147554.0
2023-02-10 23:00:00,28207358.0,28171860.0
2023-02-11 00:00:00,28272602.0,28324670.0
2023-02-11 01:00:00,28261940.0,28214162.0
2023-02-11 02:00:00,28178444.0,28126476.0
2023-02-11 03:00:00,28159960.0,28213178.0
2023-02-11 04:00:00,28221074.0,28216816.0
2023-02-11 05:00:00,28231214.0,28252164.0
2023-02-11 06:00:00,28239622.0,28217326.0
2023-02-11 07:00:00,28162884.0,28083322.0
2023-02-11 08:00:00,28116792.0,28111406.0
2023-02-11 09:00:00,28177796.0,28235436.0
2023-02-11 10:00:00,28271160.0,28413572.0
2023-02-11 11:00:00,28313380.0,28409258.0
2023-02-11 12:00:00,28259596.0,28409136.0
2023-02-11 13:00:00,28311460.0,28436002.0
2023-02-11 14:00:00,28332978.0,28440772.0
2023-02-11 15:00:00,28329452.0,28427050.0
2023-02-11 16:00:00,28292980.0,28360444.0
2023-02-11 17:00:00,28273074.0,28366252.0
2023-02-11 18:00:00,28312458.0,28356714.0
2023-02-11 19:00:00,28322146.0,28371340.0
2023-02-11 20:00:00,28297994.0,28354926.0
2023-02-11 21:00:00,28277736.0,28345958.0
2023-02-11 22:00:00,28301554.0,28464516.0
2023-02-11 23:00:00,28335704.0,28442370.0
2023-02-12 00:00:00,28317526.0,28405324.0
2023-02-12 01:00:00,28312136.0,28432434.0
2023-02-12 02:00:00,28305290.0,28334792.0
2023-02-12 03:00:00,28287668.0,28359382.0
2023-02-12 04:00:00,28302678.0,28387320.0
2023-02-12 05:00:00,28314926.0,28382368.0
2023-02-12 06:00:00,28327918.0,28403944.0
2023-02-12 07:00:00,28358150.0,28592586.0
2023-02-12 08:00:00,28400736.0,28637274.0
2023-02-12 09:00:00,28435064.0,28828166.0
2023-02-12 10:00:00,28458024.0,28646200.0
2023-02-12 11:00:00,28399298.0,28581652.0
2023-02-12 12:00:00,28415210.0,28676662.0
2023-02-12 13:00:00,28442226.0,28600994.0
2023-02-12 14:00:00,28411826.0,28477754.0
2023-02-12 15:00:00,28388288.0,28491276.0
2023-02-12 16:00:00,28385196.0,28419922.0
2023-02-12 17:00:00,28376576.0,28363754.0
2023-02-12 18:00:00,28369594.0,28355834.0
2023-02-12 19:00:00,28390812.0,28517620.0
2023-02-12 20:00:00,28401986.0,28521954.0
2023-02-12 21:00:00,28416382.0,28622502.0
2023-02-12 22:00:00,28440896.0,28583950.0
2023-02-12 23:00:00,28398546.0,28526920.0
2023-02-13 00:00:00,28394418.0,28588796.0
2023-02-13 01:00:00,28428876.0,28660170.0
2023-02-13 02:00:00,28500860.0,28837194.0
2023-02-13 03:00:00,28522990.0,28759710.0
2023-02-13 04:00:00,28482920.0,28681416.0
2023-02-13 05:00:00,28479388.0,28724582.0
2023-02-13 06:00:00,28516170.0,28693880.0
2023-02-13 07:00:00,28452980.0,28432488.0
2023-02-13 08:00:00,28388400.0,28493484.0
2023-02-13 09:00:00,28401064.0,28401510.0
2023-02-13 10:00:00,28327348.0,28282010.0
2023-02-13 11:00:00,28299370.0,28207708.0
2023-02-13 12:00:00,28291644.0,28293922.0
2023-02-13 13:00:00,28375128.0,28508210.0
2023-02-13 14:00:00,28432008.0,28629500.0
2023-02-13 15:00:00,28456096.0,28602766.0
2023-02-13 16:00:00,28418550.0,28536724.0
2023-02-13 17:00:00,28401384.0,28504836.0
2023-02-13 18:00:00,28316360.0,28244608.0
2023-02-13 19:00:00,28177922.0,28174476.0
2023-02-13 20:00:00,28145614.0,28072288.0
2023-02-13 21:00:00,28173558.0,28087132.0
2023-02-13 22:00:00,28222950.0,28232182.0
2023-02-13 23:00:00,28238780.0,28178752.0
2023-02-14 00:00:00,28212304.0,28293382.0
2023-02-14 01:00:00,28219814.0,28242802.0
2023-02-14 02:00:00,28171504.0,28185238.0
2023-02-14 03:00:00,28130414.0,28146444.0
2023-02-14 04:00:00,28195492.0,28390278.0
2023-02-14 05:00:00,28226516.0,28339552.0
2023-02-14 06:00:00,28207614.0,28397862.0
2023-02-14 07:00:00,28216226.0,28351164.0
2023-02-14 08:00:00,28219312.0,28401778.0
2023-02-14 09:00:00,28321418.0,28639656.0
2023-02-14 10:00:00,28397130.0,28590952.0
2023-02-14 11:00:00,28348988.0,28507240.0
2023-02-14 12:00:00,28317898.0,28489626.0
2023-02-14 13:00:00,28307888.0,28335700.0
2023-02-14 14:00:00,28238270.0,28271730.0
2023-02-14 15:00:00,28209970.0,28198244.0
2023-02-14 16:00:00,28210508.0,28242800.0
2023-02-14 17:00:00,28268024.0,28359144.0
2023-02-14 18:00:00,28266040.0,28268386.0
2023-02-14 19:00:00,28238966.0,28330748.0
2023-02-14 20:00:00,28261900.0,28363996.0
2023-02-14 21:00:00,28306852.0,28463766.0
2023-02-14 22:00:00,28322998.0,28521296.0
2023-02-14 23:00:00,28251842.0,28325286.0
2023-02-15 00:00:00,28393526.0,28856330.0
2023-02-15 01:00:00,28645018.0,28775862.0
2023-02-15 02:00:00,28594096.0,28728708.0
2023-02-15 03:00:00,28615140.0,28801500.0
2023-02-15 04:00:00,28717872.0,28858498.0
2023-02-15 05:00:00,28754930.0,28966992.0
2023-02-15 06:00:00,28846396.0,29067814.0
2023-02-15 07:00:00,28888684.0,29119826.0
2023-02-15 08:00:00,28893772.0,29099280.0
2023-02-15 09:00:00,28899956.0,29123658.0
2023-02-15 10:00:00,28901050.0,29047648.0
2023-02-15 11:00:00,28845566.0,29043260.0
2023-02-15 12:00:00,28824658.0,28917048.0
2023-02-15 13:00:00,28792272.0,28985726.0
2023-02-15 14:00:00,28827024.0,28974822.0
2023-02-15 15:00:00,28831400.0,29003384.0
2023-02-15 16:00:00,28816756.0,28948078.0
2023-02-15 17:00:00,28836064.0,28992074.0
2023-02-15 18:00:00,28812662.0,28979208.0
2023-02-15 19:00:00,28823280.0,29081852.0
2023-02-15 20:00:00,28880136.0,29203014.0
2023-02-15 21:00:00,29016666.0,29416544.0
2023-02-15 22:00:00,29319270.0,29734464.0
2023-02-15 23:00:00,29486426.0,29797522.0
2023-02-16 00:00:00,29524656.0,29804428.0
2023-02-16 01:00:00,29570844.0,29914938.0
2023-02-16 02:00:00,29663704.0,29928822.0
2023-02-16 03:00:00,29663182.0,29982858.0
2023-02-16 04:00:00,29743206.0,30092098.0
2023-02-16 05:00:00,29951836.0,30266860.0
2023-02-16 06:00:00,30484144.0,30593864.0
2023-02-16 07:00:00,31036356.0,30834014.0
2023-02-16 08:00:00,31277408.0,30893562.0
2023-02-16 09:00:00,31229244.0,31051916.0
2023-02-16 10:00:00,31567182.0,31294074.0
2023-02-16 11:00:00,31783290.0,31495074.0
2023-02-16 12:00:00,31849520.0,31697556.0
2023-02-16 13:00:00,31892566.0,31882742.0
2023-02-16 14:00:00,31881620.0,31923842.0
2023-02-16 15:00:00,31791090.0,31975348.0
2023-02-16 16:00:00,31776592.0,32015484.0
2023-02-16 17:00:00,31650898.0,31998228.0
2023-02-16 18:00:00,31685852.0,32078896.0
2023-02-16 19:00:00,31772784.0,32230736.0
2023-02-16 20:00:00,31827012.0,32133906.0
2023-02-16 21:00:00,31696632.0,32120884.0
2023-02-16 22:00:00,31671592.0,32169216.0
2023-02-16 23:00:00,31647978.0,31998344.0
2023-02-17 00:00:00,31516826.0,31987104.0
2023-02-17 01:00:00,31814154.0,32315504.0
2023-02-17 02:00:00,32184800.0,32338274.0
2023-02-17 03:00:00,32136152.0,32384760.0
2023-02-17 04:00:00,32197358.0,32480228.0
2023-02-17 05:00:00,32219874.0,32528976.0
2023-02-17 06:00:00,32095360.0,32310656.0
2023-02-17 07:00:00,31856076.0,32212172.0
2023-02-17 08:00:00,31601376.0,31773346.0
2023-02-17 09:00:00,30992008.0,31403776.0
2023-02-17 10:00:00,30696818.0,31387436.0
2023-02-17 11:00:00,30871388.0,31413306.0
2023-02-17 12:00:00,31070546.0,31410746.0
2023-02-17 13:00:00,31088862.0,31401770.0
2023-02-17 14:00:00,31031204.0,31323956.0
2023-02-17 15:00:00,30920774.0,31265694.0
2023-02-17 16:00:00,30880974.0,31162540.0
2023-02-17 17:00:00,30881798.0,31111370.0
2023-02-17 18:00:00,30896968.0,31210278.0
2023-02-17 19:00:00,31005170.0,31194508.0
2023-02-17 20:00:00,30975094.0,31198884.0
2023-02-17 21:00:00,31033544.0,31222184.0
2023-02-17 22:00:00,31103292.0,31306278.0
2023-02-17 23:00:00,31115776.0,31236052.0
2023-02-18 00:00:00,31207288.0,31219238.0
2023-02-18 01:00:00,31248912.0,31395630.0
2023-02-18 02:00:00,31333480.0,31380318.0
2023-02-18 03:00:00,31470624.0,31477348.0
2023-02-18 04:00:00,31506568.0,31539872.0
2023-02-18 05:00:00,31579472.0,31672238.0
2023-02-18 06:00:00,31887064.0,31899098.0
2023-02-18 07:00:00,31874092.0,31724686.0
2023-02-18 08:00:00,31678376.0,31823582.0
2023-02-18 09:00:00,31855158.0,31754406.0
2023-02-18 10:00:00,31914922.0,31827844.0
2023-02-18 11:00:00,31932760.0,31881712.0
2023-02-18 12:00:00,31887880.0,31865558.0
2023-02-18 13:00:00,31870952.0,31921364.0
2023-02-18 14:00:00,31944184.0,31998150.0
2023-02-18 15:00:00,31949448.0,32008794.0
2023-02-18 16:00:00,31951724.0,32069856.0
2023-02-18 17:00:00,31920612.0,32047478.0
2023-02-18 18:00:00,31878022.0,32066638.0
2023-02-18 19:00:00,31893156.0,32062004.0
2023-02-18 20:00:00,31816328.0,31867972.0
2023-02-18 21:00:00,31748246.0,31950336.0
2023-02-18 22:00:00,31856768.0,32043058.0
2023-02-18 23:00:00,31915518.0,32060426.0
2023-02-19 00:00:00,31947790.0,32169066.0
2023-02-19 01:00:00,32012644.0,32170892.0
2023-02-19 02:00:00,31979218.0,32112540.0
2023-02-19 03:00:00,31958506.0,32156386.0
2023-02-19 04:00:00,32040638.0,32197108.0
2023-02-19 05:00:00,32003264.0,32133016.0
2023-02-19 06:00:00,31949634.0,32110350.0
2023-02-19 07:00:00,31949210.0,32084082.0
2023-02-19 08:00:00,31941164.0,32086428.0
2023-02-19 09:00:00,31944786.0,32076558.0
2023-02-19 10:00:00,31984936.0,32209822.0
2023-02-19 11:00:00,32048252.0,32255382.0
2023-02-19 12:00:00,32081672.0,32290188.0
2023-02-19 13:00:00,32078722.0,32292318.0
2023-02-19 14:00:00,32083060.0,32306462.0
2023-02-19 15:00:00,32124738.0,32327840.0
2023-02-19 16:00:00,32062326.0,32116152.0
2023-02-19 17:00:00,32003202.0,32124716.0
2023-02-19 18:00:00,31977466.0,32039462.0
2023-02-19 19:00:00,31944146.0,31911374.0
2023-02-19 20:00:00,31928028.0,31929936.0
2023-02-19 21:00:00,31948756.0,31969484.0
2023-02-19 22:00:00,31959628.0,32018364.0
2023-02-19 23:00:00,31965224.0,32041320.0
2023-02-20 00:00:00,31987034.0,32143424.0
2023-02-20 01:00:00,32083376.0,32408152.0
2023-02-20 02:00:00,32235158.0,32384164.0
2023-02-20 03:00:00,32004122.0,31858286.0
2023-02-20 04:00:00,31775794.0,31821568.0
2023-02-20 05:00:00,31852090.0,31876394.0
2023-02-20 06:00:00,31823978.0,31890972.0
2023-02-20 07:00:00,31876186.0,31868400.0
2023-02-20 08:00:00,31879172.0,31818032.0
2023-02-20 09:00:00,31736634.0,31555340.0
2023-02-20 10:00:00,31591806.0,31349070.0
2023-02-20 11:00:00,31405654.0,31442526.0
2023-02-20 12:00:00,31498626.0,31504310.0
2023-02-20 13:00:00,31616044.0,31655414.0
2023-02-20 14:00:00,31729812.0,31774594.0
2023-02-20 15:00:00,31726308.0,31787480.0
